Iteration,X,f(X)
0,5.160140613154624,1.0875994368115096
0,4.179288512865202,1.5944929881355208
0,4.659471522322841,0.4981195130771855
0,4.639650935509536,0.4824674629067186
0,2.661198808077388,0.9381383536373078
0,4.011893422136507,1.6195624081750202
0,5.568323602484169,0.347294246821483
0,4.906074228819824,1.3133765586584385
0,5.979069997685822,0.28464963684078287
0,3.6281584387430956,0.7309626936709013
1,5.26056786199297,0.9742125896900954
1,5.047457331795387,1.1988004656110076
1,5.854155095432108,0.32208037800176104
1,5.175925535359981,1.0706243307022598
1,4.675876062315482,0.5186567434123139
1,5.7297194547161086,0.9815732966374097
1,4.568018991834499,0.509735916643266
1,3.338896960311267,1.6695328644988106
1,3.8100598401043655,0.7173395874042884
1,4.036288356374236,1.6163827254188115
2,5.655885087904011,0.6231067172523506
2,4.034237270088462,1.6166556806029146
2,5.3496607523211175,0.7047017541481837
2,3.520756981161449,0.9334705484322497
2,2.1646321131963115,1.6919073938782883
2,4.624862169043629,0.4774084666348436
2,5.867766882495252,0.3153455303935295
2,3.578587882980549,0.8151881771674385
2,4.314660121233531,1.5674298142721934
2,3.922741407052278,0.9588626890030736
3,5.0812692925749685,1.1673019147829686
3,5.052293636700675,1.1943938407865926
3,5.689527854622117,0.7776757150795313
3,3.8441451479840256,0.7746362987759041
3,4.664338845332605,0.503504136530401
3,4.403389294089847,0.9444800663138938
3,4.967576145414924,1.2668645313786784
3,5.864886305882081,0.31671819325324896
3,4.716947363867138,0.59867704571229
3,4.687710604865234,0.53762821133665
4,5.153375854492924,1.094771893326226
4,4.954868778983634,1.2768851129881162
4,5.730021136962379,0.9831467589743386
4,5.58837753593447,0.39069023240674117
4,2.814245047789268,0.837164068776849
4,5.668848504652851,0.6803058754217008
4,5.543824947297686,0.31237136687432165
4,4.5853031220675495,0.4914454522521444
4,4.07688248149291,1.61075874360405
4,3.1249762272502157,1.676795034883665
5,5.507769588477117,0.29846611861630634
5,4.859064246237673,1.3456592933314178
5,5.710882829757452,0.8842778913844987
5,4.485513668810894,0.6833332297170147
5,5.81274624391996,0.3463677789588176
5,5.602854528726263,0.4298883490794193
5,5.997668692153453,0.28386304747997904
5,5.63339202509075,0.5324185860916655
5,5.967426470418433,0.28578164430115777
5,4.633664428767615,0.4797365696775979
6,5.613207877213464,0.4617519539041187
6,5.030564685075567,1.2139342157740978
6,5.927223201067496,0.2934574604945684
6,5.389734211226889,0.5443771882539339
6,4.255325838133186,1.5801712082219526
6,5.264669036340655,0.9693277062529789
6,5.722564875824136,0.9443719247166098
6,5.048248670684822,1.1980816865039674
6,4.843616587605398,1.3556776718870838
6,4.476578001650145,0.708955287303348
7,5.314762151182217,0.8603836448912521
7,5.571293664279519,0.35289692201397826
7,5.823017134477221,0.3398203516841786
7,4.994050889616238,1.2452838856592496
7,5.491918280902542,0.3065154458959064
7,5.818947131287109,0.34237425542888755
7,5.846182491188309,0.32631587659737776
7,5.882773688382847,0.3086554466892703
7,5.677643899377383,0.7208817141128047
7,3.7306114578736334,0.6563134672221076
8,5.779766054610583,0.36963985447519043
8,5.128848213967592,1.1202542826696644
8,5.856205222120336,0.3210258122318312
8,5.774683636716072,0.37352258440839714
8,4.870069468934861,1.338346677814053
8,5.362982576907627,0.6485975311959309
8,5.734638163007547,0.4067404146539276
8,5.415259410377036,0.4583608120984206
8,5.3373987092512225,0.7582293094091178
8,4.079281718898017,1.6104127155030352
9,5.15929060167179,1.0885040720912647
9,5.021336334899961,1.2220326987043642
9,5.762552414363006,0.3830998899945778
9,5.7089827981352474,0.8746022708830836
9,5.048064483341498,1.198249063972046
9,5.765288535710612,0.38090206269352667
9,5.93893309219999,0.2906212374867271
9,5.748853323479571,0.39442801048665754
9,5.502307711530737,0.3002726962296297
9,2.3347099866659544,1.690416137947793
10,5.359785910034889,0.6618391974935116
10,4.72516916119943,0.6192655683122675
10,5.926549489044166,0.29363557200395124
10,5.727747956082148,0.9712993068021267
10,5.666318933462927,0.6688902044102447
10,5.542725439119032,0.31128323829952353
10,5.836115943807188,0.3319669809322092
10,5.444416250194469,0.3800063778035132
10,5.220304831615293,1.02116260600027
10,3.0717345620012675,1.6782631563444823
11,5.861754873586907,0.3182425078847512
11,4.6564147717175315,0.4950466921461434
11,5.946762194590177,0.28899959439386164
11,5.996086197029122,0.28388102019132966
11,5.168895331831652,1.0782256597902748
11,5.155975857703884,1.0920225149506264
11,5.911713588178504,0.2979677754583115
11,5.918324848472041,0.2959405045798634
11,5.8575189880622505,0.32035749187353846
11,5.663496088901158,0.6562926154431037
12,5.693023646362548,0.7947641668680046
12,5.933517244388142,0.29187191587217914
12,5.893475839292504,0.30436100052529497
12,5.831143109540351,0.3348822873962844
12,5.758830021004144,0.38612482892774663
12,5.620067578489715,0.48454010432524464
12,5.972494526151822,0.28522845838883204
12,5.639366510212968,0.5553544275423261
12,5.505623905557495,0.2990539091974689
12,3.985142892383556,1.6228871168164973
13,5.864453581136937,0.3169268446950723
13,5.15990741035713,1.0878477226989869
13,5.949193777700633,0.28854086211964014
13,5.904057868938879,0.3005087672946231
13,5.4347415840413245,0.4034281762323444
13,5.910370355676603,0.2983986115974618
13,5.9479440091446065,0.2887739759960129
13,5.855848577453539,0.321208246830225
13,5.814309665830251,0.34534927917786723
13,4.800525630279881,0.8636667345756954
14,5.943766647058655,0.2895940103523689
14,5.247423458764484,0.989744599991413
14,5.97617357445713,0.2848852590618668
14,5.8829083640450754,0.3085989294768316
14,5.899920251819015,0.30196816080062333
14,5.727475903973605,0.9698828118765548
14,5.980395671352863,0.2845519577246115
14,5.845167893814466,0.32687016744095815
14,5.639208462565945,0.5547364877367408
14,4.761946199102894,0.7274808637821877
15,5.8903892870493895,0.3055585623485336
15,5.510187654553418,0.29799327854061797
15,5.96666674021951,0.2858725963931409
15,5.856558595174616,0.32084547528203233
15,5.76805343183069,0.37870333658246474
15,5.926128692325494,0.2937476421530624
15,5.991668813621426,0.28397938494458513
15,5.8230268390042825,0.3398143261938045
15,5.883020702527368,0.30855183429436206
15,4.166166580515634,1.596759029435109
16,5.980081581529751,0.2845745236330037
16,5.465119023936153,0.3391931275998372
16,5.9932556463855375,0.2839358825735125
16,5.887510718479507,0.3067053995000139
16,5.938927689773295,0.2906224326002428
16,5.744422778821665,0.3982055052124897
16,5.978776242278162,0.2846721454504519
16,5.921862703604212,0.29491947887187725
16,5.699502456466746,0.8268387196964031
16,5.035813435349949,1.2092748866507936
17,5.925826533347514,0.29382850581501996
17,5.769518267029046,0.3775475522853564
17,5.975003676838448,0.2849890656221541
17,5.9999933259197435,0.2838531635338637
17,5.8905286574414735,0.3055037700389609
17,5.784037377784309,0.36643687611856424
17,5.988054062332763,0.2841126667185937
17,5.8669498341406845,0.31573199229999277
17,5.678244547370891,0.7237002878214231
17,4.540994918756162,0.5520294123152054
18,5.970381495514781,0.28544777660292037
18,5.490784523479137,0.30741757269151915
18,5.993197580406237,0.2839373130211281
18,5.932495752559293,0.29211960047038443
18,5.824073721968859,0.33916611576196076
18,5.9802846480008105,0.28455989329317777
18,5.982589500798227,0.28440433523947467
18,5.9692107299039465,0.28557626620972465
18,5.974930122439757,0.28499575820328776
18,5.748772111948268,0.3944967569248869
19,5.943852820724939,0.2895764592557982
19,5.862452148755133,0.31790019922799245
19,5.9919283238064445,0.28397164427886595
19,5.95466037476407,0.287587438401024
19,5.963368077322716,0.28629175324492173
19,5.8626697103692,0.3177937317870245
19,5.983115880088662,0.28437151648415526
19,5.961510566861548,0.28654512816955463
19,5.8449410545374665,0.32699456354763456
19,5.282269991150391,0.9481626661235483
20,5.984815087761098,0.28427244543819813
20,5.730815939908918,0.9872937167231487
20,5.98457635532517,0.28428573099756577
20,5.927395322839977,0.2934122161992371
20,5.881986431586658,0.3089870810435837
20,5.828585653378425,0.33641319258713553
20,5.99866180748773,0.28385642011515966
20,5.985053486874921,0.28425938513407856
20,5.99776987209895,0.2838622081562351
20,5.35230324397579,0.6933879910964977
21,5.982583560957468,0.2844047113219699
21,5.756685000590712,0.38788608209907455
21,5.988766154796193,0.2840826531002644
21,5.955305909981637,0.2874819748855816
21,5.975503725090803,0.2849440877154122
21,5.960722634099021,0.28665637937749816
21,5.98863118184858,0.28408820040625976
21,5.99163558914045,0.2839803936475334
21,5.9044855596099435,0.30036135417290977
21,5.412225119443751,0.46779477437478567
22,5.98625109882549,0.28419690133997094
22,5.566263464426771,0.34357950157384487
22,5.995485698691253,0.28389022403555497
22,5.969328749134691,0.2855630885219239
22,5.957111575567731,0.2871949740060758
22,5.884181025000646,0.30806795996498487
22,5.995545078633067,0.28388925548775956
22,5.986641510409361,0.2841776589159784
22,5.870829514771657,0.31391725583150115
22,4.899498555127434,1.3180584684973413
23,5.9894369470524,0.28405606650810616
23,5.837131377802302,0.33138170350277135
23,5.990510767332799,0.28401691180443644
23,5.977155523618743,0.28480196496537297
23,5.987807113848548,0.28412350573259587
23,5.982256048175268,0.2844256462853616
23,5.991395879808729,0.28398779023207116
23,5.994126695938736,0.28391589598273875
23,5.939633306402478,0.2904672251783507
23,5.671973478047702,0.6945688186117265
24,5.991755370005429,0.2839767759232753
24,5.5981288946505074,0.4163920806202157
24,5.9905769143760095,0.28401463697399887
24,5.99004814502788,0.28403326635215953
24,5.9879969468185035,0.2841151539128129
24,5.924664014539532,0.2941426585056609
24,5.996380528256844,0.2838769879231283
24,5.997987025945056,0.28386053250039295
24,5.885111199961667,0.3076834377720121
24,5.538116690420999,0.3071751554361912
25,5.996821073797541,0.28387154129300285
25,5.631056361734558,0.5236931566936134
25,5.992157582738623,0.28396500968579075
25,5.997397452592832,0.2838654812106688
25,5.982302044614327,0.2844226826196147
25,5.994399356610764,0.28391020672248574
25,5.996028834885505,0.28388184272549793
25,5.994142719781236,0.28391555415597586
25,5.821075118018111,0.3410322772492252
25,5.427887525076299,0.42160576963831087
26,5.993411103896595,0.2839321132558471
26,5.468266228254356,0.33414869147230797
26,5.9978740180067405,0.2838613831167018
26,5.994703828504381,0.283904173230454
26,5.987604961967907,0.2841325435670576
26,5.960034110737944,0.28675543402958564
26,5.99585131048114,0.28388446413281615
26,5.996653983572692,0.28387352400064886
26,5.878354551773249,0.3105448193145142
26,5.829128363923907,0.33608653472086847
27,5.9994139634485695,0.28385378802884753
27,5.870829226691914,0.31391738866668567
27,5.998512096568188,0.2838571895562838
27,5.998287972956609,0.28385849381245587
27,5.980387841253597,0.28455251592566
27,5.984963071835155,0.28426431405880237
27,5.997404250119335,0.28386541695006556
27,5.993678989503426,0.2839258241515067
27,5.832588566919275,0.3340265105179898
27,5.9828972961566045,0.2843850225432831
28,5.9967361468675415,0.2838725363541072
28,5.681069705903124,0.7370347720173895
28,5.99755587411376,0.2838640272511187
28,5.995276268406238,0.28389374243294696
28,5.995021324467908,0.2838982407394926
28,5.985919331433787,0.2842136887959773
28,5.998660760202841,0.28385642521455245
28,5.998409096080383,0.28385776626516096
28,5.8426288464762735,0.32827234018278256
28,5.886756639847053,0.3070106013787289
29,5.998486553897231,0.28385732897394117
29,5.888630254615125,0.3062559373079972
29,5.999178663194249,0.28385439026585557
29,5.999831073688318,0.2838532153484593
29,5.988571555036764,0.2840906721249107
29,5.997777615201156,0.2838621454582214
29,5.997800753690149,0.28386195939901837
29,5.993788576319759,0.28392332661870767
29,5.874716306628662,0.3121509910375311
29,5.995101886178317,0.28389679373813803
30,5.9983488258249045,0.28385812161917345
30,5.932027318435554,0.29223443360269785
30,5.997917288109639,0.28386105193286143
30,5.9972294456513495,0.2838671228768262
30,5.989561073476045,0.2840513261792634
30,5.990775259362565,0.28400791116647917
30,5.998788558982076,0.2838558324011539
30,5.999966179406275,0.28385316553302564
30,5.833750102678126,0.33334380145770903
30,5.926774354504141,0.29357594325672653
31,5.999332486419461,0.2838539737719367
31,5.935440413312839,0.29141574893501954
31,5.9989491404982065,0.283855171736304
31,5.999846384054462,0.28385320636780154
31,5.992104101333098,0.2839665403074487
31,5.998830036911798,0.2838556527684287
31,5.999506692379224,0.28385360601223725
31,5.996308186356295,0.2838779497863346
31,5.915461279577628,0.29679953557243915
31,5.967541142774537,0.285768097860796
32,5.999178853529989,0.28385438969732096
32,5.938242786056534,0.2907747947684961
32,5.997312935445675,0.2838662942308106
32,5.998366113179203,0.2838580183414501
32,5.985997161271622,0.28420971468027956
32,5.994068069563921,0.28391715458121614
32,5.9995769050139245,0.28385348899834006
32,5.999214898581742,0.2838542844056841
32,5.945463690185882,0.28925329252163867
32,5.98948812312769,0.2840541053312856
33,5.99848961016033,0.2838573121671874
33,5.959073848161199,0.28689644676158343
33,5.997903265044372,0.28386115851775634
33,5.999825698003552,0.28385321870392527
33,5.99588232944026,0.2838839978284848
33,5.997929945887994,0.283860956339249
33,5.999203115119621,0.2838543183065891
33,5.99768338794209,0.2838629232618606
33,5.961216644114549,0.28658636547502697
33,5.974135405532132,0.28506932031546073
34,5.999582230598256,0.28385348085450246
34,5.9867676340861395,0.28417156099788843
34,5.999208200729545,0.2838543036133929
34,5.998986924328486,0.28385502991630107
34,5.985899935837104,0.28421468259328864
34,5.997182707101296,0.28386759783136395
34,5.9991780221050695,0.2838543921817643
34,5.997905066119328,0.2838611447883222
34,5.973702622387043,0.2851103444451499
34,5.9742287221658685,0.28506056378448746
35,5.999323714736307,0.2838539952083903
35,5.9886314585691025,0.28408818896545784
35,5.99871157333247,0.283856182396301
35,5.9986720787976715,0.2838563703139807
35,5.986688321375976,0.28417538891773464
35,5.99678994275958,0.28387190299967013
35,5.999779378647844,0.28385325197074296
35,5.99976710549795,0.28385326209316514
35,5.963501584958476,0.28627402327475227
35,5.9969927135593535,0.2838696103289245
36,5.999958662147595,0.28385316656050513
36,5.984427647601482,0.28429411134236954
36,5.999228079428759,0.28385424708292517
36,5.9993509470091295,0.2838539295717457
36,5.989279362073776,0.28406216530756484
36,5.998211233760394,0.28385898237281565
36,5.9993793376751094,0.2838538640149516
36,5.998757080160002,0.2838559729062698
36,5.9989811622848395,0.2838550512083377
36,5.987877008968397,0.2841204154151174
37,5.999619827824853,0.28385342629595667
37,5.995936259777846,0.2838831954312713
37,5.9991467106243,0.2838544875762647
37,5.998853592593034,0.28385555353933606
37,5.994853764946283,0.2839013259456494
37,5.999620960000272,0.2838534247327627
37,5.9999119559350875,0.28385317755016365
37,5.999336713404087,0.2838539635418509
37,5.978055593786403,0.2847286916310822
37,5.992751825480763,0.2839487024912898
38,5.9996924771903135,0.28385333543787045
38,5.996843045169393,0.28387128813280954
38,5.999610811887176,0.2838534389106455
38,5.998824460026056,0.28385567655670985
38,5.997016639105222,0.2838693496731562
38,5.9983923879065975,0.2838578634530763
38,5.999689220155133,0.2838533391002175
38,5.998890249412474,0.2838554031352457
38,5.98491459362977,0.2842669690568718
38,5.993260361678059,0.28393576695119577
39,5.999722437055038,0.2838533035595604
39,5.995365179330252,0.28389222925697766
39,5.999659888821467,0.28385337381992015
39,5.999324858979655,0.2838539923961887
39,5.99242176200605,0.2839576015403371
39,5.999010449727633,0.28385494423770835
39,5.9999610495795075,0.28385316621191203
39,5.999616486052618,0.28385343093712817
39,5.996003485916429,0.2838822100252388
39,5.99162624347311,0.28398067810751865
40,5.999943357593257,0.28385316928756865
40,5.998880682408138,0.283855441917647
40,5.9995093246620055,0.2838536013018569
40,5.999335398929075,0.28385396671616175
40,5.9987977640409635,0.28385579199560684
40,5.9991950948371295,0.2838543416697125
40,5.999848604096893,0.2838532051363596
40,5.99949412498148,0.2838536288485553
40,5.986030788523979,0.28420800443084726
40,5.9989276167115735,0.28385525484639623
41,5.999781031851242,0.2838532506491138
41,5.995510982791284,0.2838898100582566
41,5.999705149926694,0.2838533215552411
41,5.999737940847841,0.28385328834485324
41,5.994617736372403,0.28390584506618644
41,5.999808941354806,0.2838532298377623
41,5.999914429823558,0.2838531767690729
41,5.999973768854643,0.2838531647041835
41,5.997075560051977,0.2838687166386118
41,5.994140754145264,0.28391559603742916
42,5.999993898838077,0.28385316352055334
42,5.999576470318993,0.2838534896676254
42,5.999982645542783,0.28385316400057664
42,5.999403324250766,0.283853810912418
42,5.996209233458433,0.2838792962953312
42,5.999624836983678,0.28385341941513303
42,5.999957887323877,0.2838531666780948
42,5.999678561572508,0.28385335135490963
42,5.9906238364992195,0.2840130329439951
42,5.995178250346962,0.28389544392197796
43,5.9998588572516685,0.28385319968158584
43,5.996943085221369,0.28387015764091283
43,5.999839038169729,0.28385321057030494
43,5.999682102559436,0.28385334723782957
43,5.997939016475755,0.28386088819510674
43,5.999935840190918,0.28385317093906903
43,5.99990092432423,0.2838531813041656
43,5.99972235945652,0.2838533036379109
43,5.997879851750141,0.2838613380688104
43,5.994173177369073,0.2839149069973329
44,5.999967789520281,0.2838531653396769
44,5.996155946940201,0.28388003614795165
44,5.999771022377854,0.2838532588031497
44,5.999543408743841,0.28385354258542306
44,5.996411406956144,0.283876583153872
44,5.999753934523121,0.2838532735655332
44,5.9999965926189995,0.28385316347397194
44,5.999701186495037,0.2838533258342943
44,5.9929818879485754,0.28394273394319874
44,5.994419231761456,0.2839098025857784
45,5.999907942815874,0.2838531788645851
45,5.998005150216715,0.2838604004002605
45,5.999857450700029,0.28385320040725553
45,5.999693073617806,0.2838533347714021
45,5.998075080858451,0.2838599019037447
45,5.999921854695317,0.28385317455845027
45,5.999946006404139,0.2838531687546225
45,5.999582988394626,0.28385347970407054
45,5.995613277184264,0.2838881589213649
45,5.992125876687551,0.2839659158480632
46,5.999952155430704,0.28385316761580837
46,5.999566151457622,0.28385350575703466
46,5.9999269786146145,0.28385317314982855
46,5.999639764198112,0.2838533994515911
46,5.998802251105752,0.28385577241139426
46,5.999753216842368,0.2838532742087847
46,5.999967159485394,0.28385316541421085
46,5.999675604663905,0.283853354827828
46,5.999837581716258,0.28385321142684156
46,5.9922611948017925,0.2839620739348308
47,5.999974598183914,0.28385316462631005
47,5.998837571483475,0.2838556208092687
47,5.999969685508388,0.28385316512408887
47,5.999580945624237,0.2838534828100315
47,5.999762146406027,0.2838532663386436
47,5.999737349945521,0.283853288908712
47,5.999975154651837,0.2838531645754604
47,5.999769583649553,0.28385326000513744
47,5.997441422392759,0.2838650685133109
47,5.995526503813289,0.2838895570838244
48,5.999952398472413,0.2838531675736216
48,5.99955299290448,0.28385352683597326
48,5.999930920929767,0.28385317213104305
48,5.999496674547574,0.2838536241692696
48,5.999245509300284,0.2838541986989626
48,5.999979306791475,0.2838531642315959
48,5.999966004429587,0.2838531655546056
48,5.999958183476745,0.283853166632892
48,5.998513423467917,0.28385718237860436
48,5.992912615887057,0.2839445108268948
49,5.999955122684661,0.28385316711545927
49,5.999607095208777,0.28385344419691416
49,5.999961493401953,0.2838531661493939
49,5.999671934121173,0.2838533591831563
49,5.999714501683576,0.2838533116852239
49,5.99981899945965,0.28385322303219807
49,5.999969041556234,0.28385316519584497
49,5.9998993281933135,0.2838531818839758
49,5.998116393149358,0.28385961576909546
49,5.996217171073058,0.2838791869698703
50,5.99999574699695,0.2838531634857523
50,5.9996439868395095,0.28385339395132003
50,5.99995057616073,0.28385316789516796
50,5.999503715355681,0.28385361136988796
50,5.99954154467704,0.28385354568741367
50,5.999936305254712,0.2838531708309342
50,5.999968134581137,0.28385316529946764
50,5.999908521860719,0.2838531786713136
50,5.9976537023170895,0.28386317499280395
50,5.996082802388692,0.28388106853501704
51,5.999978736477672,0.28385316427511237
51,5.999899192171452,0.28385318193381553
51,5.999992150685617,0.28385316356490453
51,5.9998901929120585,0.2838531853807404
51,5.999908822965011,0.28385317857129405
51,5.999927527212785,0.2838531730046721
51,5.999978100855093,0.28385316432500585
51,5.99992696245977,0.28385317315411945
51,5.997302227952564,0.28386639908671146
51,5.997270413056681,0.2838667131025425
52,5.999982566930217,0.2838531640055504
52,5.999768155532291,0.2838532612057056
52,5.9999826580933595,0.2838531639997848
52,5.999690474832257,0.2838533376848369
52,5.999834511040538,0.2838532132579787
52,5.999960361574207,0.2838531663102424
52,5.999999460011095,0.2838531634533878
52,5.999936868796698,0.28385317070095606
52,5.999188592663676,0.28385436078230236
52,5.995352634497417,0.2838924410155325
53,5.999987241278409,0.28385316374889735
53,5.99997859205819,0.2838531642863197
53,5.999979364023206,0.2838531642272945
53,5.999742629676908,0.28385328391563647
53,5.9999259708379675,0.28385317341933364
53,5.999960548585695,0.2838531662833443
53,5.999987724495304,0.28385316372689784
53,5.999994111746238,0.28385316351591117
53,5.998952492913547,0.2838551589432386
53,5.999743824500641,0.28385328279975275
54,5.999982278685639,0.2838531640239782
54,5.9998540883689975,0.28385320217111265
54,5.99998804243851,0.28385316371288605
54,5.999860285761292,0.2838531989519533
54,5.999970876357525,0.2838531649953654
54,5.999982491365964,0.2838531640103521
54,5.999991408897854,0.2838531635870825
54,5.99995754386369,0.2838531667309175
54,5.999657125368535,0.2838533772523342
54,5.997155997925125,0.28386787281601894
55,5.999991005694503,0.28385316359997737
55,5.999850334234732,0.2838532041890931
55,5.999977554905834,0.2838531643690336
55,5.999684900069839,0.28385334401743195
55,5.999913670584601,0.2838531770064229
55,5.999988228676689,0.2838531637048494
55,5.999988117916237,0.283853163709614
55,5.99998167262503,0.2838531640637102
55,5.9994330454201465,0.2838537480173307
55,5.999726112589135,0.2838532998734971
56,5.999984410598785,0.28385316389482956
56,5.999989879472334,0.2838531636391275
56,5.99999575446119,0.28385316348563716
56,5.999994907495413,0.2838531635000205
56,5.999984390378521,0.28385316389597676
56,5.999987436817333,0.2838531637398928
56,5.99998015955313,0.2838531641687353
56,5.999949397209108,0.2838531681096286
56,5.999780380109863,0.28385325116895194
56,5.998302957830223,0.2838584009107923
57,5.999999610691935,0.2838531634531334
57,5.9999236082365535,0.28385317406563426
57,5.999981964029183,0.2838531640444396
57,5.999815901103972,0.2838532250894072
57,5.999962913734082,0.2838531659541368
57,5.999992302719527,0.28385316356060597
57,5.9999948531749405,0.2838531635010316
57,5.999980401120556,0.2838531641514091
57,5.999701303277485,0.2838533257073952
57,5.998819583349325,0.28385569745094896
58,5.999991269252175,0.2838531635914816
58,5.9999993486810395,0.28385316345362926
58,5.999994526362195,0.28385316350734396
58,5.999963672939754,0.28385316585277587
58,5.999975086071448,0.28385316458166654
58,5.999992832014185,0.28385316354629697
58,5.999986582716302,0.2838531637802475
58,5.999953978005465,0.2838531673046851
58,5.999554360181986,0.28385352461638624
58,5.999413133525646,0.28385378979910186
59,5.999992341259435,0.28385316355952983
59,5.99995510901457,0.28385316711769115
59,5.999983483182561,0.28385316394897997
59,5.999883659527211,0.2838531880677309
59,5.999980812655403,0.2838531641223809
59,5.999997537461345,0.2838531634638856
59,5.999999474163112,0.2838531634533603
59,5.9999733424485555,0.28385316474519673
59,5.999948040932322,0.28385316836259933
59,5.998994371183672,0.283855002577395
60,5.999998063106188,0.2838531634596803
60,5.999994930083479,0.28385316349960293
60,5.999997749030849,0.28385316346207207
60,5.999897524547263,0.2838531825503191
60,5.9999862834923094,0.28385316379501274
60,5.999992328951004,0.28385316355987267
60,5.999992681301887,0.28385316355026763
60,5.999939960350165,0.28385317000845484
60,5.999776175123148,0.28385325456004784
60,5.999445647509399,0.28385372231911815
61,5.99999428319178,0.2838531635122926
61,5.999969035082191,0.28385316519657383
61,5.999991270739387,0.28385316359143437
61,5.9998476862445695,0.2838532056433122
61,5.999999735253121,0.28385316345298517
61,5.9999992409270275,0.28385316345390543
61,5.999995574621346,0.2838531634884727
61,5.999990807597961,0.2838531636065292
61,5.999918308797858,0.2838531755891639
61,5.998672774749006,0.28385636695349165
62,5.999998078710684,0.2838531634595705
62,5.999981317573626,0.28385316408760725
62,5.999999686308161,0.28385316345303646
62,5.999856301364634,0.2838532010055639
62,5.9999921936903915,0.2838531635636798
62,5.999995788707934,0.2838531634851102
62,5.999993679242375,0.28385316352551415
62,5.999951771629676,0.2838531676828649
62,5.999781121752775,0.2838532505775285
62,5.999534998826688,0.28385355668046824
63,5.999995263792691,0.2838531634936516
63,5.999997725494701,0.2838531634622659
63,5.999995205482148,0.28385316349466233
63,5.999943311394324,0.2838531692970905
63,5.999992280017558,0.28385316356124235
63,5.999999553356108,0.2838531634532202
63,5.999988516667157,0.28385316369267016
63,5.999971511618165,0.2838531649288072
63,5.999789695023975,0.28385324388600136
63,5.998629397071538,0.28385657977508105
64,5.999996917297677,0.2838531634701398
64,5.999989070506872,0.2838531636700956
64,5.999997998423723,0.2838531634601435
64,5.999865017256819,0.2838531965882756
64,5.999998131419554,0.28385316345920747
64,5.999997874017767,0.2838531634610771
64,5.999994180640322,0.2838531635144441
64,5.999973038946252,0.2838531647747911
64,5.999612807019143,0.28385343609367414
64,5.9996590954204345,0.2838533748025408
65,5.999997596112292,0.2838531634633667
65,5.99999789546991,0.2838531634609123
65,5.999998194593228,0.2838531634587851
65,5.999955489733579,0.28385316705579205
65,5.999993465941698,0.2838531635305004
65,5.999998391507129,0.28385316345756273
65,5.999987218191732,0.2838531637499699
65,5.999992213919404,0.28385316356310636
65,5.9996002309645275,0.2838534540920812
65,5.999459891324798,0.2838536939685012
66,5.9999993493480455,0.28385316345362765
66,5.999993607140649,0.2838531635271811
66,5.999998875979336,0.28385316345515527
66,5.999959384238373,0.2838531664528848
66,5.99999782926099,0.2838531634614268
66,5.99999819077474,0.2838531634588105
66,5.999982249423731,0.28385316402586563
66,5.99997810045874,0.2838531643250373
66,5.999838043957502,0.28385321115416295
66,5.999535846333234,0.28385355524838884
67,5.999998359022332,0.2838531634577546
67,5.999996577173618,0.2838531634741637
67,5.999999953143811,0.2838531634528616
67,5.999998780946908,0.2838531634555603
67,5.99999613697057,0.2838531634799964
67,5.9999963573482695,0.2838531634769884
67,5.999996866703484,0.2838531634707116
67,5.99999669451719,0.2838531634727278
67,5.999818261903132,0.2838532235187453
67,5.999979919577017,0.2838531641861577
68,5.9999996983726644,0.28385316345302314
68,5.999996409036058,0.2838531634763084
68,5.999999250617699,0.2838531634538788
68,5.999976622725623,0.28385316444671393
68,5.999995072656642,0.2838531634970109
68,5.999998189859343,0.28385316345881656
68,5.999991081217393,0.28385316359751694
68,5.999991462107073,0.2838531635854253
68,5.9999559152467725,0.28385316698723373
68,5.99968971046118,0.2838533385464297
69,5.999999334579251,0.28385316345366274
69,5.9999999190409055,0.2838531634528697
69,5.9999999492266,0.28385316345286243
69,5.999996967039224,0.28385316346958656
69,5.9999930011260405,0.2838531635419399
69,5.999997540573951,0.28385316346385775
69,5.999988734322129,0.2838531636836656
69,5.9999896584372046,0.28385316364735264
69,5.9998562098341415,0.2838532010534185
69,5.999912901485438,0.28385317724899306
70,5.999999654453993,0.2838531634530748
70,5.9999979648595945,0.2838531634603898
70,5.999999474045834,0.2838531634533607
70,5.999986978595806,0.2838531637612131
70,5.999998503953596,0.28385316345692796
70,5.999997117964936,0.28385316346796285
70,5.999994280196165,0.2838531635123548
70,5.999990985111863,0.2838531636006513
70,5.99996836867843,0.2838531652724354
70,5.999834958787483,0.28385321298883787
71,5.999999810337867,0.283853163452923
71,5.999998751645482,0.2838531634556915
71,5.999999391487828,0.2838531634535311
71,5.999991410784132,0.28385316358702356
71,5.999995784726768,0.2838531634851712
71,5.999997583039207,0.2838531634634814
71,5.999989509871136,0.28385316365298097
71,5.999995311081337,0.2838531634928411
71,5.999871159955916,0.28385319364108985
71,5.999899881572108,0.28385318168190604
72,5.999999604976077,0.28385316345314143
72,5.999998421833415,0.2838531634573871
72,5.999999612900361,0.28385316345313016
72,5.999987833243439,0.2838531637220642
72,5.999999504701376,0.2838531634533038
72,5.999999638489059,0.2838531634530954
72,5.9999994292220915,0.28385316345344996
72,5.999987944926175,0.28385316371714464
72,5.999883910438963,0.2838531879616712
72,5.9999751753759485,0.28385316457358833
73,5.999999896340713,0.283853163452877
73,5.999999452238612,0.2838531634534031
73,5.999999959179186,0.2838531634528608
73,5.999999208030556,0.2838531634539983
73,5.999997785336864,0.2838531634617773
73,5.99999869727683,0.28385316345594386
73,5.999993893732595,0.2838531635206664
73,5.99999145949104,0.28385316358550644
73,5.999869527971776,0.2838531944107068
73,5.999954506479766,0.28385316721673143
74,5.999999909594399,0.28385316345287254
74,5.999998694313906,0.283853163455958
74,5.999999702426914,0.2838531634530187
74,5.999992014292423,0.28385316356883195
74,5.99999937847242,0.2838531634535602
74,5.99999992942646,0.28385316345286643
74,5.999997346052867,0.2838531634656668
74,5.99999822566643,0.2838531634585832
74,5.99997194924205,0.2838531648838099
74,5.999984515622797,0.28385316388889476
75,5.999999850370696,0.28385316345289835
75,5.999998872330351,0.2838531634551702
75,5.999999887994666,0.2838531634528802
75,5.9999884331424935,0.2838531636961712
75,5.999998550531659,0.28385316345667844
75,5.999999308738213,0.2838531634537266
75,5.999995241939005,0.28385316349402917
75,5.9999924861269065,0.28385316355553253
75,5.99993816226864,0.2838531704069915
75,5.999957339245515,0.28385316676259104
76,5.999999920899148,0.2838531634528689
76,5.999999896696603,0.283853163452877
76,5.999999770067635,0.2838531634529537
76,5.999994153146825,0.28385316351502765
76,5.999998237004321,0.2838531634585101
76,5.999999308827538,0.2838531634537262
76,5.999999771976737,0.2838531634529521
76,5.999999582414679,0.2838531634531746
76,5.999928732124317,0.28385317268970095
76,5.9999864545631985,0.28385316378653114
77,5.999999970781374,0.28385316345285916
77,5.9999993763111705,0.28385316345356504
77,5.9999999022004005,0.2838531634528749
77,5.999990330060776,0.2838531636229101
77,5.999998940465431,0.28385316345489925
77,5.999999312960463,0.2838531634537161
77,5.999996887530879,0.28385316347047496
77,5.999995348800036,0.2838531634922003
77,5.99997739000737,0.2838531643825446
77,5.999976381305075,0.2838531644673474
78,5.999999905789688,0.2838531634528737
78,5.999999870326794,0.28385316345288825
78,5.999999847428864,0.28385316345289996
78,5.999990999297279,0.2838531636001869
78,5.999998955481526,0.2838531634548419
78,5.999999974413872,0.28385316345285877
78,5.999998397990365,0.2838531634575248
78,5.99999540181881,0.2838531634913087
78,5.999932932052452,0.28385317163309665
78,5.999982397577104,0.2838531640163406
79,5.9999999463020695,0.2838531634528628
79,5.9999995515790845,0.2838531634532234
79,5.999999940655898,0.28385316345286404
79,5.999989227509857,0.2838531636638991
79,5.9999996210615105,0.28385316345311884
79,5.999999628714082,0.28385316345310835
79,5.999997181885145,0.2838531634673006
79,5.999999120474953,0.2838531634542644
79,5.999954551364493,0.28385316720930776
79,5.999977463635537,0.2838531643764996
80,5.9999999846205725,0.283853163452858
80,5.9999997852993125,0.28385316345294154
80,5.999999835336916,0.28385316345290684
80,5.999995613943136,0.2838531634878428
80,5.999998916665005,0.2838531634549917
80,5.999999658769482,0.28385316345306916
80,5.9999970021730755,0.28385316346920136
80,5.999997930644546,0.28385316346064504
80,5.999989355721933,0.2838531636589056
80,5.9999924000717115,0.28385316355789764
81,5.999999943174157,0.2838531634528636
81,5.999999689651462,0.2838531634530328
81,5.999999942290598,0.2838531634528636
81,5.999992521775974,0.28385316355456053
81,5.9999997168432735,0.2838531634530033
81,5.999999969273251,0.28385316345285916
81,5.999998536087423,0.2838531634567547
81,5.999999282597216,0.2838531634537936
81,5.999968986904424,0.28385316520200427
81,5.9999875690100275,0.28385316373388414
82,5.999999976290418,0.28385316345285877
82,5.999999927478143,0.28385316345286726
82,5.9999999847550445,0.283853163452858
82,5.99999703070405,0.2838531634688916
82,5.999999224304356,0.2838531634539519
82,5.999999754382305,0.2838531634529674
82,5.999998305632043,0.28385316345807843
82,5.999998842820669,0.28385316345529293
82,5.99999252321202,0.2838531635545214
82,5.999993813646236,0.28385316352245693
83,5.999999989949441,0.28385316345285755
83,5.999999920384735,0.28385316345286926
83,5.999999941419244,0.2838531634528636
83,5.999996575149612,0.28385316347418876
83,5.999999906627898,0.2838531634528733
83,5.999999817398458,0.28385316345291817
83,5.999999778580545,0.2838531634529468
83,5.999998441269062,0.28385316345727607
83,5.999991567653866,0.2838531635821678
83,5.999985969209479,0.28385316381087194
84,5.999999969693357,0.28385316345285916
84,5.9999998558281,0.2838531634528955
84,5.999999970165353,0.28385316345285916
84,5.9999986876012015,0.28385316345598993
84,5.999999529722883,0.2838531634532598
84,5.999999961286775,0.2838531634528604
84,5.999998842990648,0.28385316345529216
84,5.999999577087701,0.2838531634531826
84,5.999995084315457,0.2838531634968021
84,5.999997993387345,0.28385316346018025
85,5.999999995345043,0.28385316345285755
85,5.999999910953026,0.2838531634528721
85,5.999999981779354,0.283853163452858
85,5.999998256386823,0.2838531634583865
85,5.999999500143693,0.28385316345331185
85,5.999999896229025,0.283853163452877
85,5.999999957854801,0.2838531634528608
85,5.9999991702403,0.28385316345410977
85,5.9999985591829414,0.2838531634566328
85,5.999991265987236,0.2838531635915854
86,5.999999992008603,0.28385316345285755
86,5.999999987013798,0.283853163452858
86,5.999999963619515,0.28385316345286
86,5.999999229908952,0.28385316345393613
86,5.999999851035165,0.28385316345289796
86,5.999999954519019,0.2838531634528612
86,5.999999351228033,0.2838531634536232
86,5.99999904397715,0.28385316345451966
86,5.999997575400987,0.28385316346354844
86,5.99998990398801,0.28385316363822577
87,5.999999979034551,0.2838531634528584
87,5.999999928458652,0.2838531634528669
87,5.999999965514975,0.2838531634528596
87,5.999999625504375,0.2838531634531128
87,5.999999640408042,0.2838531634530926
87,5.999999941682888,0.2838531634528636
87,5.999999749556527,0.28385316345297146
87,5.99999980437474,0.28385316345292705
87,5.999999568221868,0.2838531634531968
87,5.99998583695956,0.28385316381765274
88,5.999999982326765,0.283853163452858
88,5.9999999948716765,0.28385316345285755
88,5.999999996805129,0.28385316345285755
88,5.999999043913317,0.28385316345452005
88,5.999999738844534,0.28385316345298156
88,5.999999923103328,0.2838531634528685
88,5.9999995436674975,0.28385316345323636
88,5.999999124349798,0.28385316345425193
88,5.999998122807517,0.28385316345926603
88,5.999991643499158,0.2838531635798519
89,5.999999991878106,0.28385316345285755
89,5.999999971477278,0.28385316345285916
89,5.999999993255474,0.28385316345285755
89,5.999999321899509,0.2838531634536939
89,5.999999852794422,0.28385316345289713
89,5.999999958552595,0.2838531634528608
89,5.999999753616787,0.2838531634529678
89,5.999999979569234,0.2838531634528584
89,5.999998139266774,0.2838531634591542
89,5.999987740894171,0.28385316372616654
90,5.999999994463228,0.28385316345285755
90,5.999999974761351,0.28385316345285877
90,5.999999987925647,0.283853163452858
90,5.999999945724063,0.2838531634528628
90,5.99999990080241,0.2838531634528753
90,5.999999990818953,0.28385316345285755
90,5.999999897202982,0.283853163452877
90,5.99999949247418,0.283853163453326
90,5.999999103429691,0.2838531634543194
90,5.9999943975745005,0.283853163509938
91,5.999999986880236,0.283853163452858
91,5.999999983827879,0.283853163452858
91,5.999999991595887,0.28385316345285755
91,5.9999996578522055,0.2838531634530704
91,5.999999815703596,0.28385316345291933
91,5.999999959867413,0.2838531634528604
91,5.999999719967847,0.2838531634530001
91,5.999999992192329,0.28385316345285755
91,5.999998757437171,0.28385316345566525
91,5.999991227857222,0.2838531635927993
92,5.9999999863062,0.283853163452858
92,5.999999975421312,0.28385316345285877
92,5.999999997979128,0.28385316345285755
92,5.999999669490213,0.2838531634530562
92,5.999999934526846,0.28385316345286526
92,5.99999999140344,0.28385316345285755
92,5.9999999618644875,0.2838531634528604
92,5.999999681263363,0.2838531634530425
92,5.999999398076166,0.2838531634535166
92,5.9999915363859975,0.28385316358312845
93,5.9999999901030066,0.28385316345285755
93,5.99999999663232,0.28385316345285755
93,5.999999997977,0.28385316345285755
93,5.999999766025762,0.2838531634529573
93,5.999999815946798,0.28385316345291933
93,5.999999960722166,0.2838531634528604
93,5.999999775424893,0.28385316345294925
93,5.999999668420071,0.28385316345305744
93,5.9999998694960475,0.28385316345288863
93,5.999992915192849,0.28385316354414103
94,5.999999992156145,0.28385316345285755
94,5.999999969424985,0.28385316345285916
94,5.999999985224676,0.283853163452858
94,5.999999747573694,0.28385316345297346
94,5.999999931564526,0.28385316345286604
94,5.999999952948933,0.2838531634528616
94,5.999999770841753,0.28385316345295286
94,5.99999987404871,0.28385316345288625
94,5.9999998447830984,0.28385316345290157
94,5.999993789119441,0.2838531635230101
95,5.999999990622872,0.28385316345285755
95,5.9999999769745305,0.2838531634528584
95,5.999999996057222,0.28385316345285755
95,5.999999635220775,0.28385316345309947
95,5.999999814010126,0.28385316345292055
95,5.999999972309586,0.28385316345285877
95,5.999999736841242,0.28385316345298356
95,5.99999987377376,0.28385316345288664
95,5.999999854466142,0.2838531634528959
95,5.999989613673874,0.2838531636490398
96,5.999999988637266,0.283853163452858
96,5.99999999294196,0.28385316345285755
96,5.999999994191105,0.28385316345285755
96,5.999999712117719,0.2838531634530082
96,5.999999961298868,0.2838531634528604
96,5.999999959533767,0.2838531634528604
96,5.999999506425866,0.2838531634533005
96,5.999999925879052,0.28385316345286765
96,5.999999967975185,0.2838531634528596
96,5.999997674741646,0.2838531634626903
97,5.999999988997238,0.283853163452858
97,5.999999998231059,0.28385316345285755
97,5.999999994809704,0.28385316345285755
97,5.999999722775682,0.28385316345299727
97,5.999999918841318,0.2838531634528697
97,5.999999968007512,0.2838531634528596
97,5.999999950679225,0.283853163452862
97,5.999999971433596,0.28385316345285916
97,5.999999880684439,0.2838531634528834
97,5.999994601645939,0.2838531635058555
98,5.999999991134298,0.28385316345285755
98,5.999999983407861,0.283853163452858
98,5.999999992515822,0.28385316345285755
98,5.999999669249204,0.28385316345305667
98,5.999999998080058,0.28385316345285755
98,5.999999988401716,0.283853163452858
98,5.999999711701887,0.2838531634530086
98,5.9999999538810815,0.2838531634528616
98,5.999999920996825,0.2838531634528689
98,5.999999579035689,0.2838531634531798
99,5.999999990956051,0.28385316345285755
99,5.999999987636264,0.283853163452858
99,5.999999993695188,0.28385316345285755
99,5.999999997288613,0.28385316345285755
99,5.999999959715493,0.2838531634528604
99,5.999999964952047,0.28385316345286
99,5.999999580802868,0.28385316345317696
99,5.999999941213919,0.28385316345286404
99,5.9999999316598895,0.28385316345286604
99,5.999996623732462,0.2838531634735879
